實驗編號,樣品編號,累計時間,設定電流_A,實測槽電壓_V,累積電量_C,單顆樣品初始質量_g,單顆樣品即時質量_g,剩餘重量百分比_pct,累積失重百分比_pct,區間失重_pp,區間速率_pp_per_h,溶液外觀與表面現象記錄
HCl-0.1A-0min,HCl-0.1A-S01,0min,0,,0,,,100.00,0.00,,,初始原液清澈無色
HCl-0.1A-10min,HCl-0.1A-S01,10min,0.1,,,,,,,,,
HCl-0.1A-20min,HCl-0.1A-S01,20min,0.1,,,,,,,,,
HCl-0.1A-30min,HCl-0.1A-S01,30min,0.1,,,,,,,,,
HCl-0.1A-1hr,HCl-0.1A-S01,1hr,0.1,,,,,,,,,
HCl-0.1A-2hr,HCl-0.1A-S01,2hr,0.1,,,,,,,,,
HCl-0.1A-3hr,HCl-0.1A-S01,3hr,0.1,,,,,,,,,
HCl-0.1A-4hr,HCl-0.1A-S01,4hr,0.1,,,,,,,,,
HCl-0.1A-5hr,HCl-0.1A-S01,5hr,0.1,,,,,,,,,
HCl-0.1A-6hr,HCl-0.1A-S01,6hr,0.1,,,,,,,,,
HCl-0.1A-8hr,HCl-0.1A-S01,8hr,0.1,,,,,,,,,
HCl-0.1A-10hr,HCl-0.1A-S01,10hr,0.1,,,,,,,,,
HCl-0.1A-12hr,HCl-0.1A-S01,12hr,0.1,,,,,,,,,
HCl-0.1A-1day,HCl-0.1A-S01,1day,0.1,,,,,,,,,
HCl-0.1A-2day,HCl-0.1A-S01,2day,0.1,,,,,,,,,
HCl-0.5A-0min,HCl-0.5A-S01,0min,0,,0,,,100.00,0.00,,,初始原液清澈無色
HCl-0.5A-10min,HCl-0.5A-S01,10min,0.5,,,,,,,,,
HCl-0.5A-20min,HCl-0.5A-S01,20min,0.5,,,,,,,,,
HCl-0.5A-30min,HCl-0.5A-S01,30min,0.5,,,,,,,,,
HCl-0.5A-1hr,HCl-0.5A-S01,1hr,0.5,,,,,,,,,
HCl-0.5A-2hr,HCl-0.5A-S01,2hr,0.5,,,,,,,,,
HCl-0.5A-3hr,HCl-0.5A-S01,3hr,0.5,,,,,,,,,
HCl-0.5A-4hr,HCl-0.5A-S01,4hr,0.5,,,,,,,,,
HCl-0.5A-5hr,HCl-0.5A-S01,5hr,0.5,,,,,,,,,
HCl-0.5A-6hr,HCl-0.5A-S01,6hr,0.5,,,,,,,,,
HCl-0.5A-8hr,HCl-0.5A-S01,8hr,0.5,,,,,,,,,
HCl-0.5A-10hr,HCl-0.5A-S01,10hr,0.5,,,,,,,,,
HCl-0.5A-12hr,HCl-0.5A-S01,12hr,0.5,,,,,,,,,
HCl-0.5A-1day,HCl-0.5A-S01,1day,0.5,,,,,,,,,
HCl-0.5A-2day,HCl-0.5A-S01,2day,0.5,,,,,,,,,
HCl-1A-0min,HCl-1A-S01,0min,0,,0,,,100.00,0.00,,,初始原液清澈無色
HCl-1A-10min,HCl-1A-S01,10min,1,,,,,,,,,
HCl-1A-20min,HCl-1A-S01,20min,1,,,,,,,,,
HCl-1A-30min,HCl-1A-S01,30min,1,,,,,,,,,
HCl-1A-1hr,HCl-1A-S01,1hr,1,,,,,,,,,
HCl-1A-2hr,HCl-1A-S01,2hr,1,,,,,,,,,
HCl-1A-3hr,HCl-1A-S01,3hr,1,,,,,,,,,
HCl-1A-4hr,HCl-1A-S01,4hr,1,,,,,,,,,
HCl-1A-5hr,HCl-1A-S01,5hr,1,,,,,,,,,
HCl-1A-6hr,HCl-1A-S01,6hr,1,,,,,,,,,
HCl-1A-8hr,HCl-1A-S01,8hr,1,,,,,,,,,
HCl-1A-10hr,HCl-1A-S01,10hr,1,,,,,,,,,
HCl-1A-12hr,HCl-1A-S01,12hr,1,,,,,,,,,
HCl-1A-1day,HCl-1A-S01,1day,1,,,,,,,,,
HCl-1A-2day,HCl-1A-S01,2day,1,,,,,,,,,
HCl-3A-0min,HCl-3A-S01,0min,0,,0,,,100.00,0.00,,,初始原液清澈無色
HCl-3A-10min,HCl-3A-S01,10min,3,,,,,,,,,
HCl-3A-20min,HCl-3A-S01,20min,3,,,,,,,,,
HCl-3A-30min,HCl-3A-S01,30min,3,,,,,,,,,
HCl-3A-1hr,HCl-3A-S01,1hr,3,,,,,,,,,
HCl-3A-2hr,HCl-3A-S01,2hr,3,,,,,,,,,
HCl-3A-3hr,HCl-3A-S01,3hr,3,,,,,,,,,
HCl-3A-4hr,HCl-3A-S01,4hr,3,,,,,,,,,
HCl-3A-5hr,HCl-3A-S01,5hr,3,,,,,,,,,
HCl-3A-6hr,HCl-3A-S01,6hr,3,,,,,,,,,
HCl-3A-8hr,HCl-3A-S01,8hr,3,,,,,,,,,
HCl-3A-10hr,HCl-3A-S01,10hr,3,,,,,,,,,
HCl-3A-12hr,HCl-3A-S01,12hr,3,,,,,,,,,
HCl-3A-1day,HCl-3A-S01,1day,3,,,,,,,,,
HCl-3A-2day,HCl-3A-S01,2day,3,,,,,,,,,
HCl-5A-0min,HCl-5A-S01,0min,0,1.4,0,7.3743,7.3743,100.00,0.00,,,初始原液清澈無色
HCl-5A-10min,HCl-5A-S01,10min,5,1.4,,,7.168,,,,,
HCl-5A-20min,HCl-5A-S01,20min,5,1.3,,,7.0761,,,,,
HCl-5A-30min,HCl-5A-S01,30min,5,1.3,,,7.0191,,,,,
HCl-5A-1hr,HCl-5A-S01,1hr,5," 1.3
",,,6.9426,,,,,
HCl-5A-2hr,HCl-5A-S01,2hr,5,1.3,,,6.8697,,,,,
HCl-5A-3hr,HCl-5A-S01,3hr,5,,,,6.8349,,,,,
HCl-5A-4hr,HCl-5A-S01,4hr,5,,,,,,,,,
HCl-5A-5hr,HCl-5A-S01,5hr,5,,,,,,,,,
HCl-5A-6hr,HCl-5A-S01,6hr,5,,,,,,,,,
HCl-5A-8hr,HCl-5A-S01,8hr,5,,,,,,,,,
HCl-5A-10hr,HCl-5A-S01,10hr,5,,,,,,,,,
HCl-5A-12hr,HCl-5A-S01,12hr,5,,,,,,,,,
HCl-5A-1day,HCl-5A-S01,1day,5,,,,,,,,,
HCl-5A-2day,HCl-5A-S01,2day,5,,,,,,,,,
HCl-10A-0min,HCl-10A-S01,0min,0,,0,,,100.00,0.00,,,初始原液清澈無色
HCl-10A-10min,HCl-10A-S01,10min,10,,,,,,,,,
HCl-10A-20min,HCl-10A-S01,20min,10,,,,,,,,,
HCl-10A-30min,HCl-10A-S01,30min,10,,,,,,,,,
HCl-10A-1hr,HCl-10A-S01,1hr,10,,,,,,,,,
HCl-10A-2hr,HCl-10A-S01,2hr,10,,,,,,,,,
HCl-10A-3hr,HCl-10A-S01,3hr,10,,,,,,,,,
HCl-10A-4hr,HCl-10A-S01,4hr,10,,,,,,,,,
HCl-10A-5hr,HCl-10A-S01,5hr,10,,,,,,,,,
HCl-10A-6hr,HCl-10A-S01,6hr,10,,,,,,,,,
HCl-10A-8hr,HCl-10A-S01,8hr,10,,,,,,,,,
HCl-10A-10hr,HCl-10A-S01,10hr,10,,,,,,,,,
HCl-10A-12hr,HCl-10A-S01,12hr,10,,,,,,,,,
HCl-10A-1day,HCl-10A-S01,1day,10,,,,,,,,,
HCl-10A-2day,HCl-10A-S01,2day,10,,,,,,,,,