實驗編號,樣品編號,累計時間,設定電流_A,實測槽電壓_V,累積電量_C,單顆樣品初始質量_g,單顆樣品即時質量_g,剩餘重量百分比_pct,累積失重百分比_pct,區間失重_pp,區間速率_pp_per_h,溶液外觀與表面現象記錄
NaOH-0A-0min,NaOH-0A-S01,0min,0,,0,,,100.00,0.00,,,初始原液清澈無色，純磁石攪拌600rpm，無外加電壓/電流
NaOH-0A-10min,NaOH-0A-S01,10min,0,,0,,,,,,,純磁石攪拌中，無氣泡析出
NaOH-0A-20min,NaOH-0A-S01,20min,0,,0,,,,,,,純磁石攪拌中，無氣泡析出
NaOH-0A-30min,NaOH-0A-S01,30min,0,,0,,,,,,,純磁石攪拌中，無氣泡析出
NaOH-0A-1hr,NaOH-0A-S01,1hr,0,,0,,,,,,,純化學浸出觀察
NaOH-0A-2hr,NaOH-0A-S01,2hr,0,,0,,,,,,,純化學浸出觀察
NaOH-0A-3hr,NaOH-0A-S01,3hr,0,,0,,,,,,,純化學浸出觀察
NaOH-0A-4hr,NaOH-0A-S01,4hr,0,,0,,,,,,,純化學浸出觀察
NaOH-0A-5hr,NaOH-0A-S01,5hr,0,,0,,,,,,,純化學浸出觀察
NaOH-0A-6hr,NaOH-0A-S01,6hr,0,,0,,,,,,,短週期基準點，取樣 5 mL
NaOH-0A-8hr,NaOH-0A-S01,8hr,0,,0,,,,,,,長時間浸出觀察
NaOH-0A-10hr,NaOH-0A-S01,10hr,0,,0,,,,,,,長時間浸出觀察
NaOH-0A-12hr,NaOH-0A-S01,12hr,0,,0,,,,,,,半日節點，檢查水浴與防蒸發密封
NaOH-0A-1day,NaOH-0A-S01,1day,0,,0,,,,,,,全日浸出節點，補水定容與取樣 5 mL
NaOH-0A-2day,NaOH-0A-S01,2day,0,,0,,,,,,,實驗終點，收集微量脫落殘渣並烘乾秤重
NaOH-0.1A-0min,NaOH-0.1A-S01,0min,0,,0,,,100.00,0.00,,,初始原液清澈無色
NaOH-0.1A-10min,NaOH-0.1A-S01,10min,0.1,,,,,,,,,
NaOH-0.1A-20min,NaOH-0.1A-S01,20min,0.1,,,,,,,,,
NaOH-0.1A-30min,NaOH-0.1A-S01,30min,0.1,,,,,,,,,
NaOH-0.1A-1hr,NaOH-0.1A-S01,1hr,0.1,,,,,,,,,
NaOH-0.1A-2hr,NaOH-0.1A-S01,2hr,0.1,,,,,,,,,
NaOH-0.1A-3hr,NaOH-0.1A-S01,3hr,0.1,,,,,,,,,
NaOH-0.1A-4hr,NaOH-0.1A-S01,4hr,0.1,,,,,,,,,
NaOH-0.1A-5hr,NaOH-0.1A-S01,5hr,0.1,,,,,,,,,
NaOH-0.1A-6hr,NaOH-0.1A-S01,6hr,0.1,,,,,,,,,
NaOH-0.1A-8hr,NaOH-0.1A-S01,8hr,0.1,,,,,,,,,
NaOH-0.1A-10hr,NaOH-0.1A-S01,10hr,0.1,,,,,,,,,
NaOH-0.1A-12hr,NaOH-0.1A-S01,12hr,0.1,,,,,,,,,
NaOH-0.1A-1day,NaOH-0.1A-S01,1day,0.1,,,,,,,,,
NaOH-0.1A-2day,NaOH-0.1A-S01,2day,0.1,,,,,,,,,
NaOH-0.5A-0min,NaOH-0.5A-S01,0min,0,,0,,,100.00,0.00,,,初始原液清澈無色
NaOH-0.5A-10min,NaOH-0.5A-S01,10min,0.5,,,,,,,,,
NaOH-0.5A-20min,NaOH-0.5A-S01,20min,0.5,,,,,,,,,
NaOH-0.5A-30min,NaOH-0.5A-S01,30min,0.5,,,,,,,,,
NaOH-0.5A-1hr,NaOH-0.5A-S01,1hr,0.5,,,,,,,,,
NaOH-0.5A-2hr,NaOH-0.5A-S01,2hr,0.5,,,,,,,,,
NaOH-0.5A-3hr,NaOH-0.5A-S01,3hr,0.5,,,,,,,,,
NaOH-0.5A-4hr,NaOH-0.5A-S01,4hr,0.5,,,,,,,,,
NaOH-0.5A-5hr,NaOH-0.5A-S01,5hr,0.5,,,,,,,,,
NaOH-0.5A-6hr,NaOH-0.5A-S01,6hr,0.5,,,,,,,,,
NaOH-0.5A-8hr,NaOH-0.5A-S01,8hr,0.5,,,,,,,,,
NaOH-0.5A-10hr,NaOH-0.5A-S01,10hr,0.5,,,,,,,,,
NaOH-0.5A-12hr,NaOH-0.5A-S01,12hr,0.5,,,,,,,,,
NaOH-0.5A-1day,NaOH-0.5A-S01,1day,0.5,,,,,,,,,
NaOH-0.5A-2day,NaOH-0.5A-S01,2day,0.5,,,,,,,,,
NaOH-1A-0min,NaOH-1A-S01,0min,0,,0,,,100.00,0.00,,,初始原液清澈無色
NaOH-1A-10min,NaOH-1A-S01,10min,1,,,,,,,,,
NaOH-1A-20min,NaOH-1A-S01,20min,1,,,,,,,,,
NaOH-1A-30min,NaOH-1A-S01,30min,1,,,,,,,,,
NaOH-1A-1hr,NaOH-1A-S01,1hr,1,,,,,,,,,
NaOH-1A-2hr,NaOH-1A-S01,2hr,1,,,,,,,,,
NaOH-1A-3hr,NaOH-1A-S01,3hr,1,,,,,,,,,
NaOH-1A-4hr,NaOH-1A-S01,4hr,1,,,,,,,,,
NaOH-1A-5hr,NaOH-1A-S01,5hr,1,,,,,,,,,
NaOH-1A-6hr,NaOH-1A-S01,6hr,1,,,,,,,,,
NaOH-1A-8hr,NaOH-1A-S01,8hr,1,,,,,,,,,
NaOH-1A-10hr,NaOH-1A-S01,10hr,1,,,,,,,,,
NaOH-1A-12hr,NaOH-1A-S01,12hr,1,,,,,,,,,
NaOH-1A-1day,NaOH-1A-S01,1day,1,,,,,,,,,
NaOH-1A-2day,NaOH-1A-S01,2day,1,,,,,,,,,
NaOH-3A-0min,NaOH-3A-S01,0min,0,,0,,,100.00,0.00,,,初始原液清澈無色
NaOH-3A-10min,NaOH-3A-S01,10min,3,,,,,,,,,
NaOH-3A-20min,NaOH-3A-S01,20min,3,,,,,,,,,
NaOH-3A-30min,NaOH-3A-S01,30min,3,,,,,,,,,
NaOH-3A-1hr,NaOH-3A-S01,1hr,3,,,,,,,,,
NaOH-3A-2hr,NaOH-3A-S01,2hr,3,,,,,,,,,
NaOH-3A-3hr,NaOH-3A-S01,3hr,3,,,,,,,,,
NaOH-3A-4hr,NaOH-3A-S01,4hr,3,,,,,,,,,
NaOH-3A-5hr,NaOH-3A-S01,5hr,3,,,,,,,,,
NaOH-3A-6hr,NaOH-3A-S01,6hr,3,,,,,,,,,
NaOH-3A-8hr,NaOH-3A-S01,8hr,3,,,,,,,,,
NaOH-3A-10hr,NaOH-3A-S01,10hr,3,,,,,,,,,
NaOH-3A-12hr,NaOH-3A-S01,12hr,3,,,,,,,,,
NaOH-3A-1day,NaOH-3A-S01,1day,3,,,,,,,,,
NaOH-3A-2day,NaOH-3A-S01,2day,3,,,,,,,,,
NaOH-5A-0min,NaOH-5A-S01,0min,0,3.7,0,6.8472,6.8472,100.00,0.00,,,初始原液清澈無色
NaOH-5A-10min,NaOH-5A-S01,10min,5,3.6,,,6.6895,,,,,
NaOH-5A-20min,NaOH-5A-S01,20min,5,3.7,,,6.4984,,,,,
NaOH-5A-30min,NaOH-5A-S01,30min,5,3.8,,,"6.4006
",,,,,
NaOH-5A-1hr,NaOH-5A-S01,1hr,5,3.5,,,6.3312,,,,,
NaOH-5A-2hr,NaOH-5A-S01,2hr,5,,,,,,,,,
NaOH-5A-3hr,NaOH-5A-S01,3hr,5,,,,,,,,,
NaOH-5A-4hr,NaOH-5A-S01,4hr,5,,,,,,,,,
NaOH-5A-5hr,NaOH-5A-S01,5hr,5,,,,,,,,,
NaOH-5A-6hr,NaOH-5A-S01,6hr,5,,,,,,,,,
NaOH-5A-8hr,NaOH-5A-S01,8hr,5,,,,,,,,,
NaOH-5A-10hr,NaOH-5A-S01,10hr,5,,,,,,,,,
NaOH-5A-12hr,NaOH-5A-S01,12hr,5,,,,,,,,,
NaOH-5A-1day,NaOH-5A-S01,1day,5,,,,,,,,,
NaOH-5A-2day,NaOH-5A-S01,2day,5,,,,,,,,,
NaOH-10A-0min,NaOH-10A-S01,0min,0,,0,,,100.00,0.00,,,初始原液清澈無色
NaOH-10A-10min,NaOH-10A-S01,10min,10,,,,,,,,,
NaOH-10A-20min,NaOH-10A-S01,20min,10,,,,,,,,,
NaOH-10A-30min,NaOH-10A-S01,30min,10,,,,,,,,,
NaOH-10A-1hr,NaOH-10A-S01,1hr,10,,,,,,,,,
NaOH-10A-2hr,NaOH-10A-S01,2hr,10,,,,,,,,,
NaOH-10A-3hr,NaOH-10A-S01,3hr,10,,,,,,,,,
NaOH-10A-4hr,NaOH-10A-S01,4hr,10,,,,,,,,,
NaOH-10A-5hr,NaOH-10A-S01,5hr,10,,,,,,,,,
NaOH-10A-6hr,NaOH-10A-S01,6hr,10,,,,,,,,,
NaOH-10A-8hr,NaOH-10A-S01,8hr,10,,,,,,,,,
NaOH-10A-10hr,NaOH-10A-S01,10hr,10,,,,,,,,,
NaOH-10A-12hr,NaOH-10A-S01,12hr,10,,,,,,,,,
NaOH-10A-1day,NaOH-10A-S01,1day,10,,,,,,,,,
NaOH-10A-2day,NaOH-10A-S01,2day,10,,,,,,,,,