實驗編號,樣品編號,體系與條件,累計時間,攪拌轉速_rpm,外加電壓_V,設定電流_A,累積電量_C,單顆樣品初始質量_g,單顆樣品即時質量_g,剩餘重量百分比_pct,累積失重百分比_pct,區間失重_pp,區間速率_pp_per_h,溶液外觀與表面現象記錄
HCl-Stir-0min,HCl-Stir-S01,5M HCl (純磁石攪拌對照組),0min,600,0.00,0,0,10.0368,10.0368,100.00,0.00,,,初始原液清澈無色，磁石攪拌300rpm，無外加電壓/電流
HCl-Stir-10min,HCl-Stir-S01,5M HCl (純磁石攪拌對照組),10min,600,0.00,0,0,,9.9776,,,,,磁石攪拌中，無氣泡析出
HCl-Stir-20min,HCl-Stir-S01,5M HCl (純磁石攪拌對照組),20min,600,0.00,0,0,,9.9774,,,,,磁石攪拌中，無氣泡析出
HCl-Stir-30min,HCl-Stir-S01,5M HCl (純磁石攪拌對照組),30min,600,0.00,0,0,,9.9665,,,,,磁石攪拌中，無氣泡析出
HCl-Stir-1hr,HCl-Stir-S01,5M HCl (純磁石攪拌對照組),1hr,600,0.00,0,0,,9.9234,,,,,純化學浸出觀察
HCl-Stir-2hr,HCl-Stir-S01,5M HCl (純磁石攪拌對照組),2hr,600,0.00,0,0,,9.8949,,,,,純化學浸出觀察
HCl-Stir-3hr,HCl-Stir-S01,5M HCl (純磁石攪拌對照組),3hr,600,0.00,0,0,,9.8748,,,,,純化學浸出觀察
HCl-Stir-4hr,HCl-Stir-S01,5M HCl (純磁石攪拌對照組),4hr,600,0.00,0,0,,9.8018,,,,,純化學浸出觀察
HCl-Stir-5hr,HCl-Stir-S01,5M HCl (純磁石攪拌對照組),5hr,600,0.00,0,0,,9.7634,,,,,純化學浸出觀察
HCl-Stir-6hr,HCl-Stir-S01,5M HCl (純磁石攪拌對照組),6hr,600,0.00,0,0,,9.7071,,,,,短週期基準點，取樣 5 mL
HCl-Stir-8hr,HCl-Stir-S01,5M HCl (純磁石攪拌對照組),8hr,600,0.00,0,0,,9.6516,,,,,長時間浸出觀察
HCl-Stir-10hr,HCl-Stir-S01,5M HCl (純磁石攪拌對照組),10hr,600,0.00,0,0,,9.5220,,,,,長時間浸出觀察
HCl-Stir-12hr,HCl-Stir-S01,5M HCl (純磁石攪拌對照組),12hr,600,0.00,0,0,,9.4335,,,,,半日節點，檢查水浴與防蒸發密封
HCl-Stir-1day,HCl-Stir-S01,5M HCl (純磁石攪拌對照組),1day,600,0.00,0,0,,,,,,,全日浸出節點，補水定容與取樣 5 mL
HCl-Stir-2day,HCl-Stir-S01,5M HCl (純磁石攪拌對照組),2day,600,0.00,0,0,,,,,,,實驗終點，收集微量脫落殘渣並烘乾秤重
NaOH-Stir-0min,NaOH-Stir-S01,5M NaOH (純磁石攪拌對照組),0min,600,0.00,0,0,8.1326,8.1326,100.00,0.00,,,初始原液清澈無色，磁石攪拌300rpm，無外加電壓/電流
NaOH-Stir-10min,NaOH-Stir-S01,5M NaOH (純磁石攪拌對照組),10min,600,0.00,0,0,,8.1240,,,,,磁石攪拌中，無氣泡析出
NaOH-Stir-20min,NaOH-Stir-S01,5M NaOH (純磁石攪拌對照組),20min,600,0.00,0,0,,8.1215,,,,,磁石攪拌中，無氣泡析出
NaOH-Stir-30min,NaOH-Stir-S01,5M NaOH (純磁石攪拌對照組),30min,600,0.00,0,0,,8.1134,,,,,磁石攪拌中，無氣泡析出
NaOH-Stir-1hr,NaOH-Stir-S01,5M NaOH (純磁石攪拌對照組),1hr,600,0.00,0,0,,8.1027,,,,,純化學浸出觀察
NaOH-Stir-2hr,NaOH-Stir-S01,5M NaOH (純磁石攪拌對照組),2hr,600,0.00,0,0,,,,,,,純化學浸出觀察
NaOH-Stir-3hr,NaOH-Stir-S01,5M NaOH (純磁石攪拌對照組),3hr,600,0.00,0,0,,,,,,,純化學浸出觀察
NaOH-Stir-4hr,NaOH-Stir-S01,5M NaOH (純磁石攪拌對照組),4hr,600,0.00,0,0,,,,,,,純化學浸出觀察
NaOH-Stir-5hr,NaOH-Stir-S01,5M NaOH (純磁石攪拌對照組),5hr,600,0.00,0,0,,,,,,,純化學浸出觀察
NaOH-Stir-6hr,NaOH-Stir-S01,5M NaOH (純磁石攪拌對照組),6hr,600,0.00,0,0,,,,,,,短週期基準點，取樣 5 mL
NaOH-Stir-8hr,NaOH-Stir-S01,5M NaOH (純磁石攪拌對照組),8hr,600,0.00,0,0,,,,,,,長時間浸出觀察
NaOH-Stir-10hr,NaOH-Stir-S01,5M NaOH (純磁石攪拌對照組),10hr,600,0.00,0,0,,,,,,,長時間浸出觀察
NaOH-Stir-12hr,NaOH-Stir-S01,5M NaOH (純磁石攪拌對照組),12hr,600,0.00,0,0,,,,,,,半日節點，檢查水浴與防蒸發密封
NaOH-Stir-1day,NaOH-Stir-S01,5M NaOH (純磁石攪拌對照組),1day,600,0.00,0,0,,,,,,,全日浸出節點，補水定容與取樣 5 mL
NaOH-Stir-2day,NaOH-Stir-S01,5M NaOH (純磁石攪拌對照組),2day,600,0.00,0,0,,,,,,,實驗終點，收集微量脫落殘渣並烘乾秤重